model_key,train_counter,train_losses,test_counter,test_losses,test_accuracy,number_of_parameters
deep_and_wide_0.01,"[0, 6400, 12800, 19200, 25600, 32000, 38400, 44800, 51200, 57600, 60000, 66400, 72800, 79200, 85600, 92000, 98400, 104800, 111200, 117600, 120000, 126400, 132800, 139200, 145600, 152000, 158400, 164800, 171200, 177600]","[2.325474739074707, 1.3117315769195557, 0.8608956336975098, 0.6658195853233337, 0.42530667781829834, 0.561976432800293, 0.37577885389328003, 0.39746594429016113, 0.2988601624965668, 0.247312992811203, 0.4105164408683777, 0.20427767932415009, 0.22871707379817963, 0.2593432366847992, 0.3126766085624695, 0.28270241618156433, 0.18891072273254395, 0.2972676753997803, 0.2198946326971054, 0.18242304027080536, 0.07321800291538239, 0.12901680171489716, 0.1964058130979538, 0.10538758337497711, 0.19187495112419128, 0.30612438917160034, 0.06955019384622574, 0.19498497247695923, 0.15698085725307465, 0.21867644786834717]","[0, 60000, 120000, 180000]","[2.300436587905884, 0.15430376833677292, 0.08919765259027482, 0.07003337976187468]",97.91000366210938,209456
